Workbook

Sheet Legenda
A1: Bikepacking-uitrusting voor mijn Giant Defy Composite 1 (2012, maat M/L)
A2: Doel: zo goedkoop en zo licht mogelijk. Gemaakt 10-10-2026; bijbehorend document: fiets_master.md (§4 maten, §5 frametassen).
A4: Hoe gebruik je dit bestand
A5: 1. Tabblad 'Mijn fiets': vul de gele cellen in zodra je bij de fiets bent (rolmaat). Dan rekent 'Past?' in 'Uitrusting' zelf uit of iets past.
A6: 2. Tabblad 'Uitrusting': zet een x in de gele kolom 'Kies' bij wat je wilt. Voeg gerust eigen regels toe (onderaan, zelfde kolommen).
A7: 3. Tabblad 'Mijn set': totaalgewicht en totaalprijs van wat je gekozen hebt, per plek op de fiets.
A9: Kleuren
A10: Gele cel = zelf invullen. Blauwe tekst = ingevuld getal (uit een bron of van jou). Zwarte tekst = formule.
A12: Over de prijzen en gewichten
A13: Prijzen zijn een momentopname van verkopers (winkel en datum staan erbij) en schommelen sterk; staat er geen europrijs, dan is het veld leeg. Kijk voor je koopt de actuele prijs na — en kijk ook op Marktplaats: bikepackingtassen gaan tweedehands vaak voor de helft.
A14: Gewichten en maten zijn opgaven van verkopers; bij tegenstrijdige opgaven staat de hoogste erbij en een opmerking.
A15: Niets in dit bestand is verzonnen: wat niet gevonden is, is leeg gelaten.
... A22: • Vork: carbon, zonder bekende bevestigingsogen — geen vorktassen of cargo-cages met klemmen op carbon.

Sheet Mijn fiets
A1: Sleutel | B1: Maat | C1: Waarde (cm) | D1: Status | E1: Hoe meten / toelichting
A2: bovenbuis_vrij | B2: Vrije lengte onder de bovenbuis | C2: 46 | D2: gemeten door eigenaar (driehoek binnen 46 / 38 / 56) | E2: Langs de onderkant van de bovenbuis, van waar de balhoofdbuis begint tot waar de zitbuis begint. Bepaalt de maximale lengte van een frametas.
A3: zitbuis_vrij | B3: Vrije lengte langs de zitbuis (binnen driehoek) | C3: 38 | D3: gemeten door eigenaar; geen bidon op de zitbuis (wel boutgaten) | E3: Er zit nu geen bidonhouder op de zitbuis, dus een frametas mag zo hoog als de driehoek toelaat. De onderbuis (binnen 56 cm) heeft wel een bidon.
A4: zadel_band | B4: Ruimte zadelrails tot achterband | D4: nog meten | E4: Zadel op rijhoogte: van de zadelrails recht omlaag tot de bovenkant van de achterband. Zadeltassen noemen een minimum (bv. Topeak BackLoader ≥ 9 cm tussen tas en band).
A5: zadelpen_zichtbaar | B5: Zichtbare zadelpen | C5: 22 | D5: eerder gemeten door eigenaar | E5: Van de zadelklem op het frame tot de onderkant van de zadelrails. Zadeltassen klemmen hier met een band om de pen (Ortlieb Seat-Pack 11 L: ca. 6 cm).
A6: stuur_binnen | B6: Stuur binnenmaat (tussen de drops) | C6: 37 | D6: gemeten door eigenaar | E6: Een stuurrol of -tas moet hier tussen passen. (Fabrieksmaat van het stuur: Giant Connect SL 42 cm hart op hart.)
A7: stuur_breed | B7: Stuurbreedte (hart op hart, bovenkant) | C7: 42 | D7: fabriek (Giant Connect SL 42 cm), niet nagemeten | E7: Een stuurrol moet tussen de drops passen en je handen op de hoods vrij laten.
A8: stuur_band | B8: Ruimte onderkant stuur tot voorband | D8: nog meten | E8: Hoe dik een stuurrol mag zijn zonder op de band te komen als hij doorzakt.
A10: Vul alleen kolom C in (gele cellen). De sleutel in kolom A koppelt de maat aan kolom 'Vergelijk met' in 'Uitrusting'.

Sheet Uitrusting
A1: Plek | B1: Product | C1: Inhoud (L) | D1: Afmetingen (cm) | E1: Gewicht (g) | F1: Prijs (€) | G1: g per liter | H1: € per liter | I1: Bevestiging | J1: Eis (cm) | K1: Vergelijk met | L1: Past? | M1: Zonder meting | N1: Let op | O1: Prijs gezien bij | P1: Bron | Q1: Kies (x)
A2: Frame | B2: Decathlon Riverside/Rockrider ADVT 900 half-frame tas 3 L, IPX6, maat M/L/XL | C2: 3 | D2: 47 × 12 × 7 | E2: 150 | F2: 75 | G2: =IF(AND(ISNUMBER(C2),ISNUMBER(E2),C2>0),E2/C2,"") -> 50 | H2: =IF(AND(ISNUMBER(C2),ISNUMBER(F2),C2>0),F2/C2,"") -> 25 | I2: klittenband om bovenbuis | J2: 47 | K2: bovenbuis_vrij | L2: =IF(OR(J2="",K2=""),M2,IFERROR(IF(INDEX('Mijn fiets'!$C:$C,MATCH(K2,'Mijn fiets'!$A:$A,0))="","nog meten: "&M2,IF(J2<=INDEX('Mijn fiets'!$C:$C,MATCH(K2,'Mijn fiets'!$A:$A,0)),"past","past niet")),M2)) -> past niet | M2: waarschijnlijk (47 cm is aan de lange kant) | N2: Lichtste frametas in de lijst; waterdicht (IPX6). 47 cm is 1 cm langer dan de gemeten 46 cm; met klittenband soms toch te passen, maar niet zeker. | O2: decathlon.ie, 10-10-2026 | P2: https://www.decathlon.ie/p/324046-161051-bikepacking-half-frame-waterproof-frame-bag-ipx6-size-m-l-xl.html
A3: Frame | B3: Decathlon Riverside ADVT 900 half-frame tas 3,5 L, IPX3 | C3: 3.5 | F3: 49.99 | G3: =IF(AND(ISNUMBER(C3),ISNUMBER(E3),C3>0),E3/C3,"") | H3: =IF(AND(ISNUMBER(C3),ISNUMBER(F3),C3>0),F3/C3,"") -> 14.282857 | I3: klittenband om bovenbuis | L3: =IF(OR(J3="",K3=""),M3,IFERROR(IF(INDEX('Mijn fiets'!$C:$C,MATCH(K3,'Mijn fiets'!$A:$A,0))="","nog meten: "&M3,IF(J3<=INDEX('Mijn fiets'!$C:$C,MATCH(K3,'Mijn fiets'!$A:$A,0)),"past","past niet")),M3)) -> afmetingen niet gevonden — nakijken | M3: afmetingen niet gevonden — nakijken | N3: Goedkoper dan de IPX6, maar alleen spatwaterdicht (IPX3). Gewicht en maten niet gevonden. | O3: decathlon.nl (volgens zoekresultaat), 10-10-2026 | P3: https://www.decathlon.nl/sporten/fietsen/frametas
A4: Frame | B4: Topeak MidLoader 3 L | C4: 3 | D4: 37,5 × 12 × 6 | E4: 169 | G4: =IF(AND(ISNUMBER(C4),ISNUMBER(E4),C4>0),E4/C4,"") -> 56.333333 | H4: =IF(AND(ISNUMBER(C4),ISNUMBER(F4),C4>0),F4/C4,"") | I4: klittenband | J4: 37.5 | K4: bovenbuis_vrij | L4: =IF(OR(J4="",K4=""),M4,IFERROR(IF(INDEX('Mijn fiets'!$C:$C,MATCH(K4,'Mijn fiets'!$A:$A,0))="","nog meten: "&M4,IF(J4<=INDEX('Mijn fiets'!$C:$C,MATCH(K4,'Mijn fiets'!$A:$A,0)),"past","past niet")),M4)) -> past | M4: past | N4: Gewicht 169 g volgens Topeak (zwart); een verkoper noemt 277 g. Prijs in euro niet gevonden. | P4: https://www.biketart.com/products/topeak-midloader
A5: Frame | B5: Topeak MidLoader 4,5 L | C5: 4.5 | D5: 46 × 12 × 6 | E5: 195 | G5: =IF(AND(ISNUMBER(C5),ISNUMBER(E5),C5>0),E5/C5,"") -> 43.333333 | H5: =IF(AND(ISNUMBER(C5),ISNUMBER(F5),C5>0),F5/C5,"") | I5: klittenband | J5: 46 | K5: bovenbuis_vrij | L5: =IF(OR(J5="",K5=""),M5,IFERROR(IF(INDEX('Mijn fiets'!$C:$C,MATCH(K5,'Mijn fiets'!$A:$A,0))="","nog meten: "&M5,IF(J5<=INDEX('Mijn fiets'!$C:$C,MATCH(K5,'Mijn fiets'!$A:$A,0)),"past","past niet")),M5)) -> past | M5: waarschijnlijk | N5: Gewicht 195 g volgens Topeak; een verkoper noemt 292 g. Bidon op de zitbuis wordt lastiger te pakken. | P5: https://www.cyclable.com/16051-sacoche-de-cadre-topeak-midloader-3-a-6l.html
A6: Frame | B6: Topeak MidLoader 6 L | C6: 6 | D6: 54,5 × 13,5 × 6 | E6: 337 | G6: =IF(AND(ISNUMBER(C6),ISNUMBER(E6),C6>0),E6/C6,"") -> 56.166667 | H6: =IF(AND(ISNUMBER(C6),ISNUMBER(F6),C6>0),F6/C6,"") | I6: klittenband | J6: 54.5 | K6: bovenbuis_vrij | L6: =IF(OR(J6="",K6=""),M6,IFERROR(IF(INDEX('Mijn fiets'!$C:$C,MATCH(K6,'Mijn fiets'!$A:$A,0))="","nog meten: "&M6,IF(J6<=INDEX('Mijn fiets'!$C:$C,MATCH(K6,'Mijn fiets'!$A:$A,0)),"past","past niet")),M6)) -> past niet | M6: waarschijnlijk te lang | N6: Langer dan de geschatte vrije ruimte. | P6: https://www.biketart.com/products/topeak-midloader
A7: Frame | B7: Apidura Racing Frame Pack 2,4 L | C7: 2.4 | D7: 29 lang, hoog 14→5, breed 6 | G7: =IF(AND(ISNUMBER(C7),ISNUMBER(E7),C7>0),E7/C7,"") | H7: =IF(AND(ISNUMBER(C7),ISNUMBER(F7),C7>0),F7/C7,"") | I7: klittenband | J7: 29 | K7: bovenbuis_vrij | L7: =IF(OR(J7="",K7=""),M7,IFERROR(IF(INDEX('Mijn fiets'!$C:$C,MATCH(K7,'Mijn fiets'!$A:$A,0))="","nog meten: "&M7,IF(J7<=INDEX('Mijn fiets'!$C:$C,MATCH(K7,'Mijn fiets'!$A:$A,0)),"past","past niet")),M7)) -> past | M7: past | N7: Taps profiel, past goed in de spits toelopende driehoek. Apidura heeft een afdruksjabloon. Gewicht en europrijs niet gevonden. | P7: https://www.topgearcycles.co.nz/products/apidura-racing-frame-pack
A8: Frame | B8: Apidura Racing Frame Pack 4 L | C8: 4 | D8: 42 lang, hoog 15→5, breed 6 | G8: =IF(AND(ISNUMBER(C8),ISNUMBER(E8),C8>0),E8/C8,"") | H8: =IF(AND(ISNUMBER(C8),ISNUMBER(F8),C8>0),F8/C8,"") | I8: klittenband | J8: 42 | K8: bovenbuis_vrij | L8: =IF(OR(J8="",K8=""),M8,IFERROR(IF(INDEX('Mijn fiets'!$C:$C,MATCH(K8,'Mijn fiets'!$A:$A,0))="","nog meten: "&M8,IF(J8<=INDEX('Mijn fiets'!$C:$C,MATCH(K8,'Mijn fiets'!$A:$A,0)),"past","past niet")),M8)) -> past | M8: waarschijnlijk | N8: Taps profiel; afdruksjabloon beschikbaar. Gewicht en europrijs niet gevonden. | P8: https://sigmasports.com/item/Apidura/Racing-Frame-Pack-4L/NCI1
A9: Frame | B9: Ortlieb Frame-Pack RC Toptube 4 L | C9: 4 | D9: 50 × 13 × 6 | E9: 200 | G9: =IF(AND(ISNUMBER(C9),ISNUMBER(E9),C9>0),E9/C9,"") -> 50 | H9: =IF(AND(ISNUMBER(C9),ISNUMBER(F9),C9>0),F9/C9,"") | I9: klittenband | J9: 50 | K9: bovenbuis_vrij | L9: =IF(OR(J9="",K9=""),M9,IFERROR(IF(INDEX('Mijn fiets'!$C:$C,MATCH(K9,'Mijn fiets'!$A:$A,0))="","nog meten: "&M9,IF(J9<=INDEX('Mijn fiets'!$C:$C,MATCH(K9,'Mijn fiets'!$A:$A,0)),"past","past niet")),M9)) -> past niet | M9: grensgeval — eerst meten | N9: Waterdicht. Max. 3 kg. Gewicht 200-220 g volgens verkopers. Europrijs niet gevonden. | P9: https://www.rabe-bike.de/en/ortlieb-frame-pack-4l-toptube-rc-black-matt
A10: Zadel | B10: Decathlon ADVT 900 zadeltas 6-15 L, IPX6 (alleen de tas) | C10: 15 | F10: 21 | G10: =IF(AND(ISNUMBER(C10),ISNUMBER(E10),C10>0),E10/C10,"") | H10: =IF(AND(ISNUMBER(C10),ISNUMBER(F10),C10>0),F10/C10,"") -> 1.4 | I10: in het zadelharnas hieronder | K10: zadel_band | L10: =IF(OR(J10="",K10=""),M10,IFERROR(IF(INDEX('Mijn fiets'!$C:$C,MATCH(K10,'Mijn fiets'!$A:$A,0))="","nog meten: "&M10,IF(J10<=INDEX('Mijn fiets'!$C:$C,MATCH(K10,'Mijn fiets'!$A:$A,0)),"past","past niet")),M10)) -> waarschijnlijk: 22 cm zadelpen zichtbaar (ruimte zadel-band nog meten) | M10: waarschijnlijk: 22 cm zadelpen zichtbaar (ruimte zadel-band nog meten) | N10: Heeft het zadelharnas (ref. 8579468) nodig; samen ca. €80. Gewicht niet gevonden. | O10: decathlon.ie, 10-10-2026 | P10: https://www.decathlon.ie/p/323978-126550-6-to-15l-watertight-bikepacking-saddle-bag.html
A11: Zadel | B11: Decathlon ADVT 900 zadelharnas (voor de 6-15 L tas) | F11: 59.99 | G11: =IF(AND(ISNUMBER(C11),ISNUMBER(E11),C11>0),E11/C11,"") | H11: =IF(AND(ISNUMBER(C11),ISNUMBER(F11),C11>0),F11/C11,"") | I11: om zadelrails en zadelpen | K11: zadel_band | L11: =IF(OR(J11="",K11=""),M11,IFERROR(IF(INDEX('Mijn fiets'!$C:$C,MATCH(K11,'Mijn fiets'!$A:$A,0))="","nog meten: "&M11,IF(J11<=INDEX('Mijn fiets'!$C:$C,MATCH(K11,'Mijn fiets'!$A:$A,0)),"past","past niet")),M11)) -> waarschijnlijk: 22 cm zadelpen zichtbaar (ruimte zadel-band nog meten) | M11: waarschijnlijk: 22 cm zadelpen zichtbaar (ruimte zadel-band nog meten) | N11: Prijs uit een review (€59,99); controleer de actuele prijs. Gewicht niet gevonden. | O11: review bikeradar, 10-10-2026 | P11: https://bikeradar.com/news/decathlon-advt-900-bikepacking-bags
A12: Zadel | B12: Topeak BackLoader 6 L | C12: 6 | E12: 445 | F12: 47.96 | G12: =IF(AND(ISNUMBER(C12),ISNUMBER(E12),C12>0),E12/C12,"") -> 74.166667 | H12: =IF(AND(ISNUMBER(C12),ISNUMBER(F12),C12>0),F12/C12,"") -> 7.9933333 | I12: om zadelrails en zadelpen | K12: zadel_band | L12: =IF(OR(J12="",K12=""),M12,IFERROR(IF(INDEX('Mijn fiets'!$C:$C,MATCH(K12,'Mijn fiets'!$A:$A,0))="","nog meten: "&M12,IF(J12<=INDEX('Mijn fiets'!$C:$C,MATCH(K12,'Mijn fiets'!$A:$A,0)),"past","past niet")),M12)) -> waarschijnlijk: 22 cm zadelpen zichtbaar (ruimte zadel-band nog meten) | M12: waarschijnlijk: 22 cm zadelpen zichtbaar (ruimte zadel-band nog meten) | N12: Topeak vraagt minstens 9 cm tussen de onderkant van de tas en de band (verpakking volgens een koper) — dat is minder dan de ruimte zadel-band die je meet, dus geen automatische vergelijking. Gewicht 335-445 g volgens verkopers. Prijs is een aanbieding (normaal €59,95). | O12: bikeporn (CZ), 10-10-2026 | P12: https://bikeporn-en.wpjshop.cz/topeak-bikepacking-backloader-6l-black_z943/
A13: Zadel | B13: Topeak BackLoader 10 L | C13: 10 | E13: 480 | F13: 54.9 | G13: =IF(AND(ISNUMBER(C13),ISNUMBER(E13),C13>0),E13/C13,"") -> 48 | H13: =IF(AND(ISNUMBER(C13),ISNUMBER(F13),C13>0),F13/C13,"") -> 5.49 | I13: om zadelrails en zadelpen | K13: zadel_band | L13: =IF(OR(J13="",K13=""),M13,IFERROR(IF(INDEX('Mijn fiets'!$C:$C,MATCH(K13,'Mijn fiets'!$A:$A,0))="","nog meten: "&M13,IF(J13<=INDEX('Mijn fiets'!$C:$C,MATCH(K13,'Mijn fiets'!$A:$A,0)),"past","past niet")),M13)) -> waarschijnlijk: 22 cm zadelpen zichtbaar (ruimte zadel-band nog meten) | M13: waarschijnlijk: 22 cm zadelpen zichtbaar (ruimte zadel-band nog meten) | N13: Topeak vraagt minstens 9 cm tussen onderkant tas en band. Gewicht 459-480 g volgens verkopers. | O13: lecyclo.com (DE), 10-10-2026 | P13: https://www.lecyclo.com/de-de/products/sacoche-de-selle-velo-bikepacking-backloader-topeak
A14: Zadel | B14: Ortlieb Seat-Pack 11 L | C14: 11 | E14: 345 | F14: 99 | G14: =IF(AND(ISNUMBER(C14),ISNUMBER(E14),C14>0),E14/C14,"") -> 31.363636 | H14: =IF(AND(ISNUMBER(C14),ISNUMBER(F14),C14>0),F14/C14,"") -> 9 | I14: om zadelrails en zadelpen | J14: 6 | K14: zadelpen_zichtbaar | L14: =IF(OR(J14="",K14=""),M14,IFERROR(IF(INDEX('Mijn fiets'!$C:$C,MATCH(K14,'Mijn fiets'!$A:$A,0))="","nog meten: "&M14,IF(J14<=INDEX('Mijn fiets'!$C:$C,MATCH(K14,'Mijn fiets'!$A:$A,0)),"past","past niet")),M14)) -> past | M14: waarschijnlijk (heeft weinig zadelpen nodig) | N14: Lichtste zadeltas in de lijst en volledig waterdicht. Eis = ca. 6 cm zichtbare zadelpen. Versterkt bij de rails, geschikt voor carbon pennen. Prijs is een aanbieding (normaal ~€147). | O14: eatsleepcycle, 10-10-2026 | P14: https://shop.eatsleepcycle.com/products/seat-pack
A15: Zadel | B15: Rockbros waterdichte zadeltas 10 L | C15: 10 | E15: 790 | F15: 56.99 | G15: =IF(AND(ISNUMBER(C15),ISNUMBER(E15),C15>0),E15/C15,"") -> 79 | H15: =IF(AND(ISNUMBER(C15),ISNUMBER(F15),C15>0),F15/C15,"") -> 5.699 | I15: om zadelrails en zadelpen | K15: zadel_band | L15: =IF(OR(J15="",K15=""),M15,IFERROR(IF(INDEX('Mijn fiets'!$C:$C,MATCH(K15,'Mijn fiets'!$A:$A,0))="","nog meten: "&M15,IF(J15<=INDEX('Mijn fiets'!$C:$C,MATCH(K15,'Mijn fiets'!$A:$A,0)),"past","past niet")),M15)) -> waarschijnlijk: 22 cm zadelpen zichtbaar (ruimte zadel-band nog meten) | M15: waarschijnlijk: 22 cm zadelpen zichtbaar (ruimte zadel-band nog meten) | N15: Zwaar (≈ 790 g volgens een verkoper) voor de prijs; geen gewichtsopgave van Rockbros zelf. | O15: decathlon.nl (prijs); gewicht van fieldandstream, 10-10-2026 | P15: https://shop.fieldandstream.com/products/rockbros-10l-waterproof-bike-saddle-bag-large-capacity-easy-install
A16: Stuur | B16: Decathlon ADVT 900 stuurtas (drybag) 5-15 L, IPX6 | C16: 15 | D16: 30-60 × 13 × 13 | E16: 195 | F16: 21 | G16: =IF(AND(ISNUMBER(C16),ISNUMBER(E16),C16>0),E16/C16,"") -> 13 | H16: =IF(AND(ISNUMBER(C16),ISNUMBER(F16),C16>0),F16/C16,"") -> 1.4 | I16: in het stuurharnas hieronder | J16: 30 | K16: stuur_binnen | L16: =IF(OR(J16="",K16=""),M16,IFERROR(IF(INDEX('Mijn fiets'!$C:$C,MATCH(K16,'Mijn fiets'!$A:$A,0))="","nog meten: "&M16,IF(J16<=INDEX('Mijn fiets'!$C:$C,MATCH(K16,'Mijn fiets'!$A:$A,0)),"past","past niet")),M16)) -> past | M16: kort oprollen (≈ 30-35 cm) zodat de hoods vrij blijven | N16: Gewicht 195-250 g volgens verkopers. Losse drybag: kan ook met twee eigen spanbanden zonder harnas (goedkoopst en lichtst). | O16: decathlon.ie, 10-10-2026 | P16: https://www.decathlon.ie/p/323999-135182-watertight-handlebar-bag-5-to-15-l-bikepacking-riverside.html
A17: Stuur | B17: Decathlon ADVT 900 stuurharnas | D17: 40 × 31 | E17: 492 | F17: 55 | G17: =IF(AND(ISNUMBER(C17),ISNUMBER(E17),C17>0),E17/C17,"") | H17: =IF(AND(ISNUMBER(C17),ISNUMBER(F17),C17>0),F17/C17,"") | I17: om het stuur | J17: 40 | K17: stuur_binnen | L17: =IF(OR(J17="",K17=""),M17,IFERROR(IF(INDEX('Mijn fiets'!$C:$C,MATCH(K17,'Mijn fiets'!$A:$A,0))="","nog meten: "&M17,IF(J17<=INDEX('Mijn fiets'!$C:$C,MATCH(K17,'Mijn fiets'!$A:$A,0)),"past","past niet")),M17)) -> past niet | M17: 40 cm breed: te breed voor 37 cm tussen de drops | N17: Zwaar (492 g). Overweeg de drybag met twee spanbanden in plaats van dit harnas. | O17: decathlon.ie, 10-10-2026 | P17: https://www.decathlon.ie/p/323998-130188-bikepacking-handlebar-bag-harness-riverside.html
A18: Stuur | B18: Ortlieb Handlebar-Pack 9 L | C18: 9 | D18: 40 breed | E18: 375 | G18: =IF(AND(ISNUMBER(C18),ISNUMBER(E18),C18>0),E18/C18,"") -> 41.666667 | H18: =IF(AND(ISNUMBER(C18),ISNUMBER(F18),C18>0),F18/C18,"") | I18: eigen bevestiging, ook carbon stuur | J18: 40 | K18: stuur_binnen | L18: =IF(OR(J18="",K18=""),M18,IFERROR(IF(INDEX('Mijn fiets'!$C:$C,MATCH(K18,'Mijn fiets'!$A:$A,0))="","nog meten: "&M18,IF(J18<=INDEX('Mijn fiets'!$C:$C,MATCH(K18,'Mijn fiets'!$A:$A,0)),"past","past niet")),M18)) -> past niet | M18: de 9 L is de versie voor racesturen, maar 40 cm breed | N18: Waterdicht. UK-prijs £126 (aanbieding); europrijs niet gevonden. Duur voor wat het is. | P18: https://billybilslandcycles.co.uk/products/ortlieb-handlebar-pack
A19: Bovenbuis | B19: Decathlon Riverside waterdichte bovenbuistas 1 L | C19: 1 | E19: 189 | F19: 24.99 | G19: =IF(AND(ISNUMBER(C19),ISNUMBER(E19),C19>0),E19/C19,"") -> 189 | H19: =IF(AND(ISNUMBER(C19),ISNUMBER(F19),C19>0),F19/C19,"") -> 24.99 | I19: klittenband (bovenbuis + balhoofd) | L19: =IF(OR(J19="",K19=""),M19,IFERROR(IF(INDEX('Mijn fiets'!$C:$C,MATCH(K19,'Mijn fiets'!$A:$A,0))="","nog meten: "&M19,IF(J19<=INDEX('Mijn fiets'!$C:$C,MATCH(K19,'Mijn fiets'!$A:$A,0)),"past","past niet")),M19)) -> past (bandjes, geen boutjes nodig) | M19: past (bandjes, geen boutjes nodig) | N19: Prijs uit een Nederlandse review (Decathlon.nl, ook €34,99 gezien). | O19: kampeermeneer.nl (review), 10-10-2026 | P19: https://www.kampeermeneer.nl/review-gemakkelijk-bijtanken-met-de-riverside-bovenbuistas/
A20: Bovenbuis | B20: Topeak TopLoader 0,75 L | C20: 0.75 | D20: 23,5 × 12 × 7 | E20: 169 | F20: 22.95 | G20: =IF(AND(ISNUMBER(C20),ISNUMBER(E20),C20>0),E20/C20,"") -> 225.33333 | H20: =IF(AND(ISNUMBER(C20),ISNUMBER(F20),C20>0),F20/C20,"") -> 30.6 | I20: klittenband (bovenbuis + balhoofd) | L20: =IF(OR(J20="",K20=""),M20,IFERROR(IF(INDEX('Mijn fiets'!$C:$C,MATCH(K20,'Mijn fiets'!$A:$A,0))="","nog meten: "&M20,IF(J20<=INDEX('Mijn fiets'!$C:$C,MATCH(K20,'Mijn fiets'!$A:$A,0)),"past","past niet")),M20)) -> past (bandjes) | M20: past (bandjes) | N20: Met regenhoes. Prijs vanaf €22,95 (adviesprijs €29,95). | O20: rosebikes.es, 10-10-2026 | P20: https://www.rosebikes.es/p/topeak-toploader-bicycle-frame-bag-2653694
A21: Stuurpen | B21: Topeak FreeLoader 1 L (stuurpentas / feedbag) | C21: 1 | E21: 125 | F21: 26.95 | G21: =IF(AND(ISNUMBER(C21),ISNUMBER(E21),C21>0),E21/C21,"") -> 125 | H21: =IF(AND(ISNUMBER(C21),ISNUMBER(F21),C21>0),F21/C21,"") -> 26.95 | I21: om stuur en stuurpen | L21: =IF(OR(J21="",K21=""),M21,IFERROR(IF(INDEX('Mijn fiets'!$C:$C,MATCH(K21,'Mijn fiets'!$A:$A,0))="","nog meten: "&M21,IF(J21<=INDEX('Mijn fiets'!$C:$C,MATCH(K21,'Mijn fiets'!$A:$A,0)),"past","past niet")),M21)) -> past | M21: past | N21: Voor bidon of snacks binnen handbereik. Plus €4,95 verzending bij Rose. | O21: rosebikes.com, 10-10-2026 | P21: https://www.rosebikes.com/p/topeak-freeloader-stem-bag-2685523
A22: Past niet | B22: Zadelpendrager (bagagedrager met klem om de zadelpen) | G22: =IF(AND(ISNUMBER(C22),ISNUMBER(E22),C22>0),E22/C22,"") | H22: =IF(AND(ISNUMBER(C22),ISNUMBER(F22),C22>0),F22/C22,"") | I22: klem om ronde zadelpen | L22: =IF(OR(J22="",K22=""),M22,IFERROR(IF(INDEX('Mijn fiets'!$C:$C,MATCH(K22,'Mijn fiets'!$A:$A,0))="","nog meten: "&M22,IF(J22<=INDEX('Mijn fiets'!$C:$C,MATCH(K22,'Mijn fiets'!$A:$A,0)),"past","past niet")),M22)) -> past niet | M22: past niet | N22: De Defy heeft een framespecifieke aero-zadelpen (Vector Composite); klemmen zijn voor ronde pennen. Klemmen op carbon is sowieso af te raden.
A23: Past niet | B23: Vorktassen / cargo-cages op de vork | G23: =IF(AND(ISNUMBER(C23),ISNUMBER(E23),C23>0),E23/C23,"") | H23: =IF(AND(ISNUMBER(C23),ISNUMBER(F23),C23>0),F23/C23,"") | I23: boutjes of klemmen op de vork | L23: =IF(OR(J23="",K23=""),M23,IFERROR(IF(INDEX('Mijn fiets'!$C:$C,MATCH(K23,'Mijn fiets'!$A:$A,0))="","nog meten: "&M23,IF(J23<=INDEX('Mijn fiets'!$C:$C,MATCH(K23,'Mijn fiets'!$A:$A,0)),"past","past niet")),M23)) -> past niet | M23: past niet | N23: Carbon vork zonder bekende bevestigingsogen; klemmen om een carbon vorkpoot is af te raden.
A24: Past niet | B24: Volle driehoektas (full frame) | G24: =IF(AND(ISNUMBER(C24),ISNUMBER(E24),C24>0),E24/C24,"") | H24: =IF(AND(ISNUMBER(C24),ISNUMBER(F24),C24>0),F24/C24,"") | I24: vult het hele frame | L24: =IF(OR(J24="",K24=""),M24,IFERROR(IF(INDEX('Mijn fiets'!$C:$C,MATCH(K24,'Mijn fiets'!$A:$A,0))="","nog meten: "&M24,IF(J24<=INDEX('Mijn fiets'!$C:$C,MATCH(K24,'Mijn fiets'!$A:$A,0)),"past","past niet")),M24)) -> past alleen zonder bidons | M24: past alleen zonder bidons | N24: Dan moeten de bidons ergens anders heen (stuurpentas, achter het zadel).

Sheet Mijn set
A1: Plek | B1: Aantal gekozen | C1: Gewicht (g) | D1: Prijs (€) | E1: Gekozen zonder bekend gewicht | F1: Gekozen zonder bekende prijs
A2: Frame | B2: =COUNTIFS(Uitrusting!$A:$A,A2,Uitrusting!$Q:$Q,"x") -> 0 | C2: =SUMIFS(Uitrusting!$E:$E,Uitrusting!$A:$A,A2,Uitrusting!$Q:$Q,"x") -> 0 | D2: =SUMIFS(Uitrusting!$F:$F,Uitrusting!$A:$A,A2,Uitrusting!$Q:$Q,"x") -> 0 | E2: =COUNTIFS(Uitrusting!$A:$A,A2,Uitrusting!$Q:$Q,"x",Uitrusting!$E:$E,"") -> 0 | F2: =COUNTIFS(Uitrusting!$A:$A,A2,Uitrusting!$Q:$Q,"x",Uitrusting!$F:$F,"") -> 0
A3: Zadel | B3: =COUNTIFS(Uitrusting!$A:$A,A3,Uitrusting!$Q:$Q,"x") -> 0 | C3: =SUMIFS(Uitrusting!$E:$E,Uitrusting!$A:$A,A3,Uitrusting!$Q:$Q,"x") -> 0 | D3: =SUMIFS(Uitrusting!$F:$F,Uitrusting!$A:$A,A3,Uitrusting!$Q:$Q,"x") -> 0 | E3: =COUNTIFS(Uitrusting!$A:$A,A3,Uitrusting!$Q:$Q,"x",Uitrusting!$E:$E,"") -> 0 | F3: =COUNTIFS(Uitrusting!$A:$A,A3,Uitrusting!$Q:$Q,"x",Uitrusting!$F:$F,"") -> 0
A4: Stuur | B4: =COUNTIFS(Uitrusting!$A:$A,A4,Uitrusting!$Q:$Q,"x") -> 0 | C4: =SUMIFS(Uitrusting!$E:$E,Uitrusting!$A:$A,A4,Uitrusting!$Q:$Q,"x") -> 0 | D4: =SUMIFS(Uitrusting!$F:$F,Uitrusting!$A:$A,A4,Uitrusting!$Q:$Q,"x") -> 0 | E4: =COUNTIFS(Uitrusting!$A:$A,A4,Uitrusting!$Q:$Q,"x",Uitrusting!$E:$E,"") -> 0 | F4: =COUNTIFS(Uitrusting!$A:$A,A4,Uitrusting!$Q:$Q,"x",Uitrusting!$F:$F,"") -> 0
A5: Bovenbuis | B5: =COUNTIFS(Uitrusting!$A:$A,A5,Uitrusting!$Q:$Q,"x") -> 0 | C5: =SUMIFS(Uitrusting!$E:$E,Uitrusting!$A:$A,A5,Uitrusting!$Q:$Q,"x") -> 0 | D5: =SUMIFS(Uitrusting!$F:$F,Uitrusting!$A:$A,A5,Uitrusting!$Q:$Q,"x") -> 0 | E5: =COUNTIFS(Uitrusting!$A:$A,A5,Uitrusting!$Q:$Q,"x",Uitrusting!$E:$E,"") -> 0 | F5: =COUNTIFS(Uitrusting!$A:$A,A5,Uitrusting!$Q:$Q,"x",Uitrusting!$F:$F,"") -> 0
A6: Stuurpen | B6: =COUNTIFS(Uitrusting!$A:$A,A6,Uitrusting!$Q:$Q,"x") -> 0 | C6: =SUMIFS(Uitrusting!$E:$E,Uitrusting!$A:$A,A6,Uitrusting!$Q:$Q,"x") -> 0 | D6: =SUMIFS(Uitrusting!$F:$F,Uitrusting!$A:$A,A6,Uitrusting!$Q:$Q,"x") -> 0 | E6: =COUNTIFS(Uitrusting!$A:$A,A6,Uitrusting!$Q:$Q,"x",Uitrusting!$E:$E,"") -> 0 | F6: =COUNTIFS(Uitrusting!$A:$A,A6,Uitrusting!$Q:$Q,"x",Uitrusting!$F:$F,"") -> 0
A7: Totaal | B7: =SUM(B2:B6) -> 0 | C7: =SUM(C2:C6) -> 0 | D7: =SUM(D2:D6) -> 0 | E7: =SUM(E2:E6) -> 0 | F7: =SUM(F2:F6) -> 0
A9: Zet in 'Uitrusting' een x in kolom Kies. Staat er bij 'zonder bekend gewicht/prijs' iets anders dan 0, dan is het totaal te laag: vul dat gewicht of die prijs zelf aan.
